,links
0,https://doi.org/10.1145/3460537.3460564
1,https://doi.org/10.1145/3532640.3532659
2,https://doi.org/10.1145/3559795.3559810
3,https://doi.org/10.1145/3559795.3559806
4,https://doi.org/10.1145/3510487.3510506
5,https://doi.org/10.1145/3510487.3510508
6,https://doi.org/10.1145/3532640.3532647
7,https://doi.org/10.1145/3390566.3391681
8,https://doi.org/10.1145/3376044.3376046
9,https://doi.org/10.1145/3559795.3559813
10,https://doi.org/10.1145/3532640.3532643
11,https://doi.org/10.1145/3390566.3391665
12,https://doi.org/10.1145/3320154.3320163
13,https://doi.org/10.1145/3376044.3376057
14,https://doi.org/10.1145/3475992.3475998
15,https://doi.org/10.1145/3532640.3532646
16,https://doi.org/10.1145/3559795.3559802
17,https://doi.org/10.1145/3532640.3532663
18,https://doi.org/10.1145/3390566.3391690
19,https://doi.org/10.1145/3532640.3532650
20,https://doi.org/10.1145/3559795.3559809
21,https://doi.org/10.1145/3301403.3301408
22,https://doi.org/10.1145/3510487.3510489
23,https://doi.org/10.1145/3559795.3559797
24,https://doi.org/10.1145/3390566.3391674
25,https://doi.org/10.1145/3460537.3460560
26,https://doi.org/10.1145/3510487.3510502
27,https://doi.org/10.1145/3327960.3332396
28,https://doi.org/10.1145/3532640.3532665
29,https://doi.org/10.1145/3390566.3391667
30,https://doi.org/10.1145/3532640.3532645
31,https://doi.org/10.1145/3376044.3376055
32,https://doi.org/10.1145/3532640.3532658
33,https://doi.org/10.1145/3559795.3559798
34,https://doi.org/10.1145/3532640.3532648
35,https://doi.org/10.1145/3532640.3532644
36,https://doi.org/10.1145/3362744.3363343
37,https://doi.org/10.1145/3532640.3532641
38,https://doi.org/10.1145/3376044.3376065
39,https://doi.org/10.1145/3390566.3391669
40,https://doi.org/10.1145/3327960.3332389
41,https://doi.org/10.1145/3384943.3409440
42,https://doi.org/10.1145/3327960.3332394
43,https://doi.org/10.1145/3390566.3391661
44,https://doi.org/10.1145/3460537.3460539
45,https://doi.org/10.1145/3510487.3510503
46,https://doi.org/10.1145/3460537.3460556
47,https://doi.org/10.1145/3297662.3365818
48,https://doi.org/10.1145/3501409.3501530
49,https://doi.org/10.1145/3327960.3332380
50,https://doi.org/10.1145/3446983.3446995
51,https://doi.org/10.1145/3055518.3055528
52,https://doi.org/10.1145/3327960.3332391
53,https://doi.org/10.1145/3494106.3528678
54,https://doi.org/10.1145/3384943.3409420
55,https://doi.org/10.1145/3327960.3332381
56,https://doi.org/10.1145/3390566.3391683
57,https://doi.org/10.1145/3390566.3391675
58,https://doi.org/10.1145/3327960.3332382
59,https://doi.org/10.1145/3494106.3528681
60,https://doi.org/10.1145/3423390.3426724
61,https://doi.org/10.1145/3532640.3532662
62,https://doi.org/10.1145/3282278.3282282
63,https://doi.org/10.1145/3327960.3332384
64,https://doi.org/10.1145/3510487.3510490
65,https://doi.org/10.1145/3559795.3559804
66,https://doi.org/10.1145/3460537.3460546
67,https://doi.org/10.1145/3446983.3446984
68,https://doi.org/10.1145/3532640.3532656
69,https://doi.org/10.1145/3301403.3301407
70,https://doi.org/10.1145/3559795.3559808
71,https://doi.org/10.1145/3340531.3417424
72,https://doi.org/10.1145/3532640.3532660
73,https://doi.org/10.1145/3384943.3409433
74,https://doi.org/10.1145/3205230.3205238
75,https://doi.org/10.1145/3567582
76,https://doi.org/10.1145/3211933.3211944
77,https://doi.org/10.1145/3376044.3376047
78,https://doi.org/10.1145/3532640.3532655
79,https://doi.org/10.1145/3384943.3409421
80,https://doi.org/10.1145/3327960.3332388
81,https://doi.org/10.1145/3532640.3532642
82,https://doi.org/10.1145/3384943.3409416
83,https://doi.org/10.1145/3532640.3532654
84,https://doi.org/10.1145/3477084.3484951
85,https://doi.org/10.1145/3559795.3559800
86,https://doi.org/10.1145/3460120.3484752
87,https://doi.org/10.1145/3301403.3301406
88,https://doi.org/10.1145/3460537.3460568
89,https://doi.org/10.1145/3445788
90,https://doi.org/10.1145/3431726
91,https://doi.org/10.1145/3327960.3332392
92,https://doi.org/10.1145/3360468.3366772
93,https://doi.org/10.1145/3397160
94,https://doi.org/10.1145/3501247.3539016
95,https://doi.org/10.1145/3305263.3305265
96,https://doi.org/10.1145/3209281.3209329
97,https://doi.org/10.1145/3366626.3368126
98,https://doi.org/10.1145/3055518.3055519
99,https://doi.org/10.1145/3460537.3460551
100,https://doi.org/10.1145/3328833.3328857
101,https://doi.org/10.1145/3341325.3342033
102,https://doi.org/10.1145/3376044.3376062
103,https://doi.org/10.1145/3290605.3300496
104,https://doi.org/10.1145/3167086
105,https://doi.org/10.1145/3460537.3460553
106,https://doi.org/10.1145/3331076.3331096
107,https://doi.org/10.1145/3472716.3472845
108,https://doi.org/10.1145/3409798
109,https://doi.org/10.1145/3343147.3343165
110,https://doi.org/10.1145/3395331
111,https://doi.org/10.1145/3491003.3494122
112,https://doi.org/10.1145/3284869.3284881
113,https://doi.org/10.1145/3211933.3211952
114,https://doi.org/10.1145/3532640.3532661
115,https://doi.org/10.1145/3372297.3417247
116,https://doi.org/10.1145/3323165.3323183
117,https://doi.org/10.1145/3559795.3559801
118,https://doi.org/10.1145/3517189
119,https://doi.org/10.1145/3404512.3404522
120,https://doi.org/10.1145/3390566.3391673
121,https://doi.org/10.1145/3529097
122,https://doi.org/10.1145/3005745.3005771
123,https://doi.org/10.1145/3025453.3025959
124,https://doi.org/10.1145/3286978.3286982
125,https://doi.org/10.1145/3299869.3319889
126,https://doi.org/10.1145/3320154.3320162
127,https://doi.org/10.1145/3383219.3383287
128,https://doi.org/10.1145/3489449.3490006
129,https://doi.org/10.1145/3401895.3401917
130,https://doi.org/10.1145/3388446
131,https://doi.org/10.1145/3007120.3007151
132,https://doi.org/10.1145/3325112.3325262
133,https://doi.org/10.1145/3170427.3170602
134,https://doi.org/10.1145/3446373
135,https://doi.org/10.1145/3396743.3396750
136,https://doi.org/10.1145/3524104
137,https://doi.org/10.1145/3282308.3282312
138,https://doi.org/10.1145/3460537.3460545
139,https://doi.org/10.1145/3431235.3431244
140,https://doi.org/10.1145/3326365.3326406
141,https://doi.org/10.1145/3459087
142,https://doi.org/10.1145/3507548.3507594
143,https://doi.org/10.1145/3297280.3297544
144,https://doi.org/10.1145/3547522.3547676
145,https://doi.org/10.1145/3512676.3512685
146,https://doi.org/10.1145/3411170.3411246
147,https://doi.org/10.1145/3530019.3531344
148,https://doi.org/10.1145/3412841.3441906
149,https://doi.org/10.1145/3508072.3508101
150,https://doi.org/10.1145/3465480.3466927
151,https://doi.org/10.1145/3341325.3342026
152,https://doi.org/10.1145/3473714.3473730
153,https://doi.org/10.1145/3279945.3279947
154,https://doi.org/10.1145/3326365.3326409
155,https://doi.org/10.1145/3374135.3385280
156,https://doi.org/10.1145/3318464.3386127
157,https://doi.org/10.1145/3345035.3345080
158,https://doi.org/10.1145/3366650.3366656
159,https://doi.org/10.1145/3152824.3152831
160,https://doi.org/10.1145/3502741
161,https://doi.org/10.1145/3312614.3312654
162,https://doi.org/10.1145/3372938.3372969
163,https://doi.org/10.1145/3433210.3453091
164,https://doi.org/10.1145/3173574.3174032
165,https://doi.org/10.1145/3360774.3360822
166,https://doi.org/10.1145/3368926.3369656
167,https://doi.org/10.1145/3479722.3480999
168,https://doi.org/10.1145/3320269.3405446
169,https://doi.org/10.1145/3371238.3371244
170,https://doi.org/10.1145/3341105.3373870
171,https://doi.org/10.1145/3411681.3411688
172,https://doi.org/10.1145/3447555.3464869
173,https://doi.org/10.1145/3371238.3371245
174,https://doi.org/10.1145/3492547.3492594
175,https://doi.org/10.1145/3383219.3383274
176,https://doi.org/10.1145/3321408.3322840
177,https://doi.org/10.1145/3313991.3313999
178,https://doi.org/10.1145/3563044
179,https://doi.org/10.1145/3396956.3399991
180,https://doi.org/10.1145/3409771
181,https://doi.org/10.1145/3120895.3120897
182,https://doi.org/10.1145/3321408.3321573
183,https://doi.org/10.1145/3331076.3331093
184,https://doi.org/10.1145/3390566.3391662
185,https://doi.org/10.1145/3341105.3374069
186,https://doi.org/10.1145/3293883.3303705
187,https://doi.org/10.1145/3473714.3473840
188,https://doi.org/10.1145/3136560.3136584
189,https://doi.org/10.1145/3290621.3290627
190,https://doi.org/10.1145/3393691.3394223
191,https://doi.org/10.1145/3530019.3530041
192,https://doi.org/10.1145/3243734.3243814
193,https://doi.org/10.1145/3333165.3333167
194,https://doi.org/10.1145/3152771.3156168
195,https://doi.org/10.1145/3472634.3474062
196,https://doi.org/10.1145/3374549.3374551
197,https://doi.org/10.1145/3241815.3241870
198,https://doi.org/10.1145/3368756.3369104
199,https://doi.org/10.1145/3518781.3519188
200,https://doi.org/10.1145/3234152.3234190
201,https://doi.org/10.1145/3492323.3503506
202,https://doi.org/10.1145/3477314.3507210
203,https://doi.org/10.1145/3427921.3450247
204,https://doi.org/10.1145/3492803
205,https://doi.org/10.1145/3366624.3368165
206,https://doi.org/10.1145/3309772.3309806
207,https://doi.org/10.1145/3412841.3441910
208,https://doi.org/10.1145/3477314.3507118
209,https://doi.org/10.1145/3434581.3434687
210,https://doi.org/10.1145/3439725
211,https://doi.org/10.1145/3409934.3409937
212,https://doi.org/10.1145/3531016
213,https://doi.org/10.1145/3401895.3401913
214,https://doi.org/10.1145/3286978.3286981
215,https://doi.org/10.1145/3341105.3374022
216,https://doi.org/10.1145/3424771.3424802
217,https://doi.org/10.1145/3197026.3197068
218,https://doi.org/10.1145/3442412
219,https://doi.org/10.1145/3309074.3309075
220,https://doi.org/10.1145/3224207.3224220
221,https://doi.org/10.1145/3537972.3538025
222,https://doi.org/10.1145/3418094.3418143
223,https://doi.org/10.1145/3460003
224,https://doi.org/10.1145/3376044.3376049
225,https://doi.org/10.1145/3292522.3326041
226,https://doi.org/10.1145/3239235.3240298
227,https://doi.org/10.1145/3542949
228,https://doi.org/10.1145/3473141.3473253
229,https://doi.org/10.1145/3327962.3331457
230,https://doi.org/10.1145/3211933.3211936
231,https://doi.org/10.1145/3487553.3524628
232,https://doi.org/10.1145/3183440.3195088
233,https://doi.org/10.1145/3183440.3195088
234,https://doi.org/10.1145/3372136
235,https://doi.org/10.1145/3131672.3136974
236,https://doi.org/10.1145/3316615.3316671
237,https://doi.org/10.1145/3544538.3544650
238,https://doi.org/10.1145/3362125.3362127
239,https://doi.org/10.1145/3323933.3324083
240,https://doi.org/10.1145/3404709.3404769
241,https://doi.org/10.1145/3287921.3287933
242,https://doi.org/10.1145/3360774.3360798
243,https://doi.org/10.1145/3412569.3412579
244,https://doi.org/10.1145/3412841.3441907
245,https://doi.org/10.1145/3321408.3326693
246,https://doi.org/10.1145/3411681.3411689
247,https://doi.org/10.1145/3312614.3312646
248,https://doi.org/10.1145/3343147.3343166
249,https://doi.org/10.1145/3284014.3284017
250,https://doi.org/10.1145/3457913.3457923
251,https://doi.org/10.1145/3315571
252,https://doi.org/10.1145/3287921.3287978
253,https://doi.org/10.1145/3321619.3321672
254,https://doi.org/10.1145/3477314.3507039
255,https://doi.org/10.1145/3183440.3195009
256,https://doi.org/10.1145/3421558.3421580
257,https://doi.org/10.1145/3309074.3309079
258,https://doi.org/10.1145/3414045.3415949
259,https://doi.org/10.1145/3387168.3387211
260,https://doi.org/10.1145/3377049.3377083
261,https://doi.org/10.1145/3428690.3429181
262,https://doi.org/10.1145/3487075.3487143
263,https://doi.org/10.1145/3321619.3321671
264,https://doi.org/10.1145/3530019.3531345
265,https://doi.org/10.1145/3301403.3301404
266,https://doi.org/10.1145/3447934.3447938
267,https://doi.org/10.1145/3320154.3320157
268,https://doi.org/10.1145/3414045.3415937
269,https://doi.org/10.1145/3505225
270,https://doi.org/10.1145/3291064.3291075
271,https://doi.org/10.1145/3472634.3474065
272,https://doi.org/10.1145/3404397.3404460
273,https://doi.org/10.1145/3371238.3371246
274,https://doi.org/10.1145/3444370.3444624
275,https://doi.org/10.1145/3469213.3470706
276,https://doi.org/10.1145/3373477.3373498
277,https://doi.org/10.1145/2968219.2971409
278,https://doi.org/10.1145/3312614.3312649
279,https://doi.org/10.1145/3503181.3503191
280,https://doi.org/10.1145/3444370.3444627
281,https://doi.org/10.1145/3339252.3339255
282,https://doi.org/10.1145/3530813
283,https://doi.org/10.1145/3503047.3503092
284,https://doi.org/10.1145/3485314.3485324
285,https://doi.org/10.1145/3278312.3278326
286,https://doi.org/10.1145/3503823.3503873
287,https://doi.org/10.1145/3400286.3418242
288,https://doi.org/10.1145/3317287.3319534
289,https://doi.org/10.1145/3326365.3326405
290,https://doi.org/10.1145/3409934.3409957
291,https://doi.org/10.1145/3350546.3352561
292,https://doi.org/10.1145/3442705.3442714
293,https://doi.org/10.1145/3241815.3241838
294,https://doi.org/10.1145/3456628
295,https://doi.org/10.1145/3433210.3437516
296,https://doi.org/10.1145/3456146.3456149
297,https://doi.org/10.1145/3155016.3155020
298,https://doi.org/10.1145/3487552.3487823
299,https://doi.org/10.1145/3491396.3506560
300,https://doi.org/10.1145/3183519.3183546
301,https://doi.org/10.1145/3155016.3155020
302,https://doi.org/10.1145/3433210.3437516
303,https://doi.org/10.1145/3414045.3415939
304,https://doi.org/10.1145/3386164.3390518
305,https://doi.org/10.1145/3125503.3125628
306,https://doi.org/10.1145/3510249.3510258
307,https://doi.org/10.1145/3443467.3443725
308,https://doi.org/10.1145/3448016.3457285
309,https://doi.org/10.1145/3545948.3545977
310,https://doi.org/10.1145/3205977.3205993
311,https://doi.org/10.1145/3070617.3070634
312,https://doi.org/10.1145/3365871.3365886
313,https://doi.org/10.1145/3542954.3543005
314,https://doi.org/10.1145/3140649.3140656
315,https://doi.org/10.1145/3344283
316,https://doi.org/10.1145/3360774.3360800
317,https://doi.org/10.1145/3291842.3291893
318,https://doi.org/10.1145/3224207.3224218
319,https://doi.org/10.1145/3494193.3494198
320,https://doi.org/10.1145/3236461.3241976
321,https://doi.org/10.1145/3366627.3368107
322,https://doi.org/10.1145/3527049.3527140
323,https://doi.org/10.1145/3345252.3345279
324,https://doi.org/10.1145/3538969.3538984
325,https://doi.org/10.1145/3225619
326,https://doi.org/10.1145/3390566.3391664
327,https://doi.org/10.1145/3132847.3133172
328,https://doi.org/10.1145/3520313.3534658
329,https://doi.org/10.1145/3409934.3409948
330,https://doi.org/10.1145/3538950.3538963
331,https://doi.org/10.1145/3366423.3380103
332,https://doi.org/10.1145/3377049.3377116
333,https://doi.org/10.1145/3371425.3371437
334,https://doi.org/10.1145/3463858.3463899
335,https://doi.org/10.1145/3369985.3370028
336,https://doi.org/10.1145/3445970.3451157
337,https://doi.org/10.1145/3491396.3506537
338,https://doi.org/10.1145/3498851.3498986
339,https://doi.org/10.1145/3384419.3430605
340,https://doi.org/10.1145/3085228.3085263
341,https://doi.org/10.1145/3365921.3365949
342,https://doi.org/10.1145/3211933.3211945
343,https://doi.org/10.1145/3537693.3537718
344,https://doi.org/10.1145/3539604
345,https://doi.org/10.1145/3377049.3377136
346,https://doi.org/10.1145/3360664.3360668
347,https://doi.org/10.1145/3424978.3425015
348,https://doi.org/10.1145/3555661.3560861
349,https://doi.org/10.1145/3444370.3444616
350,https://doi.org/10.1145/3543434.3543474
351,https://doi.org/10.1145/3513142.3513210
352,https://doi.org/10.1145/3538969.3544441
353,https://doi.org/10.1145/3377170.3377281
354,https://doi.org/10.1145/3485730.3493821
355,https://doi.org/10.1145/3366626.3368129
356,https://doi.org/10.1145/3123024.3123141
357,https://doi.org/10.1145/3409929.3416793
358,https://doi.org/10.1145/3508072.3508117
359,https://doi.org/10.1145/3425269.3425285
360,https://doi.org/10.1145/3469968.3470002
361,https://doi.org/10.1145/3442381.3449994
362,https://doi.org/10.1145/3418094.3418145
363,https://doi.org/10.1145/3350546.3352497
364,https://doi.org/10.1145/3265689.3265692
365,https://doi.org/10.1145/3365921.3365927
366,https://doi.org/10.1145/3411564.3411579
367,https://doi.org/10.1145/3491396.3506528
368,https://doi.org/10.1145/3543712.3543755
369,https://doi.org/10.1145/3018896.3018901
370,https://doi.org/10.1145/3357613.3357631
371,https://doi.org/10.1145/3518781.3519222
372,https://doi.org/10.1145/3448016.3452744
373,https://doi.org/10.1145/3489088.3489130
374,https://doi.org/10.1145/3326467.3326470
375,https://doi.org/10.1145/3460866.3461765
376,https://doi.org/10.1145/3422337.3450319
377,https://doi.org/10.1145/3286978.3286985
378,https://doi.org/10.1145/3457913.3457915
379,https://doi.org/10.1145/3429889.3429932
380,https://doi.org/10.1145/3371676.3371684
381,https://doi.org/10.1145/3436829.3436876
382,https://doi.org/10.1145/3211933.3211946
383,https://doi.org/10.1145/3501247.3539019
384,https://doi.org/10.1145/3397166.3412801
385,https://doi.org/10.1145/3417473.3417477
386,https://doi.org/10.1145/3389249
387,https://doi.org/10.1145/3408310
388,https://doi.org/10.1145/3444465.3444475
389,https://doi.org/10.1145/3148453.3306273
390,https://doi.org/10.1145/3397125.3397153
391,https://doi.org/10.1145/3377644.3377656
392,https://doi.org/10.1145/3449726.3459558
393,https://doi.org/10.1145/3550355.3552417
394,https://doi.org/10.1145/3284869.3284870
395,https://doi.org/10.1145/3368235.3368872
396,https://doi.org/10.1145/3447555.3464848
397,https://doi.org/10.1145/3358695.3361844
398,https://doi.org/10.1145/3341325.3342018
399,https://doi.org/10.1145/3344282
400,https://doi.org/10.1145/3356250.3361954
401,https://doi.org/10.1145/3369740.3372914
402,https://doi.org/10.1145/3272036.3272040
403,https://doi.org/10.1145/3342280.3342300
404,https://doi.org/10.1145/3366370
405,https://doi.org/10.1145/3549206.3549247
406,https://doi.org/10.1145/3345838.3356004
407,https://doi.org/10.1145/3344282
408,https://doi.org/10.1145/3565884
409,https://doi.org/10.1145/3503181.3503193
410,https://doi.org/10.1145/3416014.3424582
411,https://doi.org/10.1145/3368926.3369709
412,https://doi.org/10.1145/3387940.3391498
413,https://doi.org/10.1145/3486622.3493917
414,https://doi.org/10.1145/3508467.3508471
415,https://doi.org/10.1145/3440943.3444337
416,https://doi.org/10.1145/3372938.3372970
417,https://doi.org/10.1145/3394171.3414458
418,https://doi.org/10.1145/3312614.3312652
419,https://doi.org/10.1145/3358695.3361752
420,https://doi.org/10.1145/3286978.3287022
421,https://doi.org/10.1145/3286978.3286984
422,https://doi.org/10.1145/3209281.3209391
423,https://doi.org/10.1145/3443467.3443764
424,https://doi.org/10.1145/3445815.3445821
425,https://doi.org/10.1145/3417987
426,https://doi.org/10.1145/3321705.3329826
427,https://doi.org/10.1145/3139923.3139932
428,https://doi.org/10.1145/3560816
429,https://doi.org/10.1145/3209914.3209916
430,https://doi.org/10.1145/3534678.3539104
431,https://doi.org/10.1145/3428502.3428522
432,https://doi.org/10.1145/3267305.3267547
433,https://doi.org/10.1145/3409934.3409946
434,https://doi.org/10.1145/3387168.3387196
435,https://doi.org/10.1145/3409934.3409938
436,https://doi.org/10.1145/3512850.3512855
437,https://doi.org/10.1145/3387168.3387196
438,https://doi.org/10.1145/3412841.3441905
439,https://doi.org/10.1145/3408321
440,https://doi.org/10.1145/3281411.3281438
441,https://doi.org/10.1145/3358528.3358530
442,https://doi.org/10.1145/3010089.3016027
443,https://doi.org/10.1145/3415088.3415118
444,https://doi.org/10.1145/3373017.3373022
445,https://doi.org/10.1145/3507971.3507995
446,https://doi.org/10.1145/3323873.3326924
447,https://doi.org/10.1145/3318265.3318279
448,https://doi.org/10.1145/3344281
449,https://doi.org/10.1145/3371595.3376896
450,https://doi.org/10.1145/3361758.3361770
451,https://doi.org/10.1145/3424978.3425019
452,https://doi.org/10.1145/3377644.3377663
453,https://doi.org/10.1145/3194113.3194122
454,https://doi.org/10.1145/3444370.3444617
455,https://doi.org/10.1145/3460569.3460587
456,https://doi.org/10.1145/3507971.3507991
457,https://doi.org/10.1145/3391403.3399475
458,https://doi.org/10.1145/3194113.3194120
459,https://doi.org/10.1145/3209281.3209408
460,https://doi.org/10.1145/3510487.3510491
461,https://doi.org/10.1145/3524458.3547248
462,https://doi.org/10.1145/3532106.3533478
463,https://doi.org/10.1145/3491396.3506508
464,https://doi.org/10.1145/3523181.3523182
465,https://doi.org/10.1145/3312614.3312650
466,https://doi.org/10.1145/3411764.3445655
467,https://doi.org/10.1145/3511808.3557212
468,https://doi.org/10.1145/3404890
469,https://doi.org/10.1145/2991561.2998465
470,https://doi.org/10.1145/3341325.3342015
471,https://doi.org/10.1145/3387263.3387277
472,https://doi.org/10.1145/3414045.3415941
473,https://doi.org/10.1145/3341325.3342015
474,https://doi.org/10.1145/3501409.3501504
475,https://doi.org/10.1145/3508072.3508224
476,https://doi.org/10.1145/3307334.3328666
477,https://doi.org/10.1145/3209415.3209436
478,https://doi.org/10.1145/3287324.3287542
479,https://doi.org/10.1145/3133956.3134025
480,https://doi.org/10.1145/3194113.3194116
481,https://doi.org/10.1145/3507971.3507997
482,https://doi.org/10.1145/3511898
483,https://doi.org/10.1145/3411763.3451755
484,https://doi.org/10.1145/3356473.3365191
485,https://doi.org/10.1145/3397056.3397086
486,https://doi.org/10.1145/3341162.3349320
487,https://doi.org/10.1145/3444465.3444476
488,https://doi.org/10.1145/3312614.3312641
489,https://doi.org/10.1145/3433542
490,https://doi.org/10.1145/3512576.3512610
491,https://doi.org/10.1145/3264437.3264463
492,https://doi.org/10.1145/3403954
493,https://doi.org/10.1145/3366424.3385759
494,https://doi.org/10.1145/3524458.3547245
495,https://doi.org/10.1145/3491101.3519682
496,https://doi.org/10.1145/3177457.3177485
497,https://doi.org/10.1145/3323503.3360640
498,https://doi.org/10.1145/3494106.3528680
499,https://doi.org/10.1145/3327960.3332386
500,https://doi.org/10.1145/3542954.3543028
501,https://doi.org/10.1145/3378904.3378918
502,https://doi.org/10.1145/3419111.3421283
503,https://doi.org/10.1145/3301403.3301405
504,https://doi.org/10.1145/3241815.3241827
505,https://doi.org/10.1145/3361242.3361248
506,https://doi.org/10.1145/3555661.3560872
507,https://doi.org/10.1145/3463677.3463704
508,https://doi.org/10.1145/3309194.3309198
509,https://doi.org/10.1145/3366030.3366128
510,https://doi.org/10.1145/3401025.3404099
511,https://doi.org/10.1145/3368308.3415456
512,https://doi.org/10.1145/3492323.3495575
513,https://doi.org/10.1145/3343147.3343170
514,https://doi.org/10.1145/3491087.3493682
515,https://doi.org/10.1145/3313831.3376660
516,https://doi.org/10.1145/3478905.3478927
517,https://doi.org/10.1145/3548683
518,https://doi.org/10.1145/3282278.3282283
519,https://doi.org/10.1145/3446922.3446930
520,https://doi.org/10.1145/3471140
521,https://doi.org/10.1145/3473714.3473785
522,https://doi.org/10.1145/3209281.3209293
523,https://doi.org/10.1145/3466772.3467051
524,https://doi.org/10.1145/3055518.3055531
525,https://doi.org/10.1145/3428502.3428520
526,https://doi.org/10.1145/3416014.3424601
527,https://doi.org/10.1145/3125433.3125464
528,https://doi.org/10.1145/3282278.3282281
529,https://doi.org/10.1145/3501247.3531597
530,https://doi.org/10.1145/3482632.3487461
531,https://doi.org/10.1145/3423423.3423425
532,https://doi.org/10.1145/3374549.3374583
533,https://doi.org/10.1145/3470716.3470722
534,https://doi.org/10.1145/3450569.3463565
535,https://doi.org/10.1145/3322640.3328780
536,https://doi.org/10.1145/3441000.3441014
537,https://doi.org/10.1145/3433174.3433618
538,https://doi.org/10.1145/3508072.3508096
539,https://doi.org/10.1145/3393527.3393565
540,https://doi.org/10.1145/3524383.3524400
541,https://doi.org/10.1145/3209914.3209917
542,https://doi.org/10.1145/3465480.3466921
543,https://doi.org/10.1145/3290688.3290736
544,https://doi.org/10.1145/3384217.3385621
545,https://doi.org/10.1145/3173386.3177818
546,https://doi.org/10.1145/3152824.3152827
547,https://doi.org/10.1145/3503462
548,https://doi.org/10.1145/3488933.3489014
549,https://doi.org/10.1145/3167132.3167175
550,https://doi.org/10.1145/3410699.3413793
551,https://doi.org/10.1145/3349801.3357132
552,https://doi.org/10.1145/3448016.3452823
553,https://doi.org/10.1145/3462203.3475913
554,https://doi.org/10.1145/3492866.3549730
555,https://doi.org/10.1145/3488933.3489005
556,https://doi.org/10.1145/3376044.3376048
557,https://doi.org/10.1145/3284028.3284035
558,https://doi.org/10.1145/3366627.3368118
559,https://doi.org/10.1145/3538637.3538848
560,https://doi.org/10.1145/3055518.3055527
561,https://doi.org/10.1145/3299815.3314456
562,https://doi.org/10.1145/3427228.3427247
563,https://doi.org/10.14778/3510397.3510406
564,https://doi.org/10.1145/3209281.3209321
565,https://doi.org/10.1145/3327959.3329538
566,https://doi.org/10.1145/3209281.3209321
567,https://doi.org/10.1145/3264437.3264470
568,https://doi.org/10.1145/3211933.3211951
569,https://doi.org/10.1145/3211933.3211939
570,https://doi.org/10.1145/3409073.3409080
571,https://doi.org/10.1145/3411016.3411161
572,https://doi.org/10.1145/3288599.3295584
573,https://doi.org/10.1145/3511899
574,https://doi.org/10.1145/3209281.3209405
575,https://doi.org/10.1145/3368640.3368655
576,https://doi.org/10.1145/3368926.3369676
577,https://doi.org/10.1145/3297280.3297316
578,https://doi.org/10.1145/3484824.3484899
579,https://doi.org/10.1145/3392153
580,https://doi.org/10.1145/3450588.3450944
581,https://doi.org/10.1145/3532640.3532649
582,https://doi.org/10.1145/3288599.3288640
583,https://doi.org/10.1145/3474124.3474138
584,https://doi.org/10.1145/3482632.3487477
585,https://doi.org/10.1145/3532640.3532653
586,https://doi.org/10.1145/3194113.3194118
587,https://doi.org/10.1145/3460287
588,https://doi.org/10.1145/3293611.3338022
589,https://doi.org/10.1145/3371238.3371243
590,https://doi.org/10.1145/3211933.3211949
591,https://doi.org/10.1145/3460537.3460548
592,https://doi.org/10.1145/3549206.3549289
593,https://doi.org/10.1145/3378065.3378136
594,https://doi.org/10.1145/3341105.3373884
595,https://doi.org/10.1145/3487664.3487752
596,https://doi.org/10.1145/3498765.3498803
597,https://doi.org/10.1145/3510309.3510322
598,https://doi.org/10.1145/3530190.3534820
599,https://doi.org/10.1145/3510487.3510493
600,https://doi.org/10.1145/3428757.3429149
601,https://doi.org/10.1145/3211890.3211921
602,https://doi.org/10.1145/3519270.3538468
603,https://doi.org/10.1145/3487351.3488326
604,https://doi.org/10.1145/3410048.3410090
605,https://doi.org/10.14778/3415478.3415565
606,https://doi.org/10.1145/3384419.3430465
607,https://doi.org/10.1145/3523283
608,https://doi.org/10.1145/3568315
609,https://doi.org/10.1145/3510487.3510496
610,https://doi.org/10.1145/3508398.3511504
611,https://doi.org/10.1145/3320154.3322133
612,https://doi.org/10.1145/3297280.3297347
613,https://doi.org/10.1145/3442520.3442534
614,https://doi.org/10.1145/3368691.3368726
615,https://doi.org/10.1145/3303868
616,https://doi.org/10.1145/3481627
617,https://doi.org/10.1145/3546157.3546165
618,https://doi.org/10.1145/3433996.3434017
619,https://doi.org/10.1145/3460537.3460566
620,https://doi.org/10.1145/3406092
621,https://doi.org/10.1145/3510487.3510494
622,https://doi.org/10.1145/3397166.3409136
623,https://doi.org/10.1145/3456126.3456128
624,https://doi.org/10.1145/3408309
625,https://doi.org/10.1145/3523181.3523185
626,https://doi.org/10.1145/3312750
627,https://doi.org/10.1145/3422648.3422665
628,https://doi.org/10.1145/3287624.3287656
629,https://doi.org/10.1145/3495018.3495362
630,https://doi.org/10.1145/3326467.3326479
631,https://doi.org/10.1145/3327959.3329539
632,https://doi.org/10.1145/3498851.3498923
633,https://doi.org/10.1145/3151848.3151851
634,https://doi.org/10.1145/3409934.3409950
635,https://doi.org/10.1145/3524842.3528534
636,https://doi.org/10.1145/3498851.3498994
637,https://doi.org/10.1145/3325112.3325264
638,https://doi.org/10.1145/3341105.3373988
639,https://doi.org/10.1145/3282278.3282279
640,https://doi.org/10.1145/3369752
641,https://doi.org/10.1145/3324921.3328790
642,https://doi.org/10.1145/3419614.3423259
643,https://doi.org/10.1145/3316781.3317862
644,https://doi.org/10.1145/3305364
645,https://doi.org/10.1145/3492323.3495619
646,https://doi.org/10.14778/3329772.3329775
647,https://doi.org/10.1145/3463677.3463699
648,https://doi.org/10.1145/3419102
649,https://doi.org/10.1145/3308897.3308952
650,https://doi.org/10.1145/3479722.3480991
651,https://doi.org/10.1145/3483845.3483886
652,https://doi.org/10.1145/3325112.3325272
653,https://doi.org/10.1145/3457913.3457929
654,https://doi.org/10.1145/3511903
655,https://doi.org/10.1145/3247804
656,https://doi.org/10.1145/3466826.3466831
657,https://doi.org/10.1145/3430502
658,https://doi.org/10.1145/3387940.3391500
659,https://doi.org/10.1145/3511902
660,https://doi.org/10.1145/3427796.3430003
661,https://doi.org/10.1145/3158333
662,https://doi.org/10.1145/3366625.3369437
663,https://doi.org/10.1145/3554761
664,https://doi.org/10.1145/3508072.3508110
665,https://doi.org/10.1145/3538969.3544446
666,https://doi.org/10.1145/3412841.3441909
667,https://doi.org/10.1145/3547653
668,https://doi.org/10.1145/3183440.3194978
669,https://doi.org/10.1145/3508072.3508174
670,https://doi.org/10.1145/3522784.3522794
671,https://doi.org/10.1145/3318041.3355457
672,https://doi.org/10.1145/3500920
673,https://doi.org/10.1145/3320154.3320158
674,https://doi.org/10.1145/3441692
675,https://doi.org/10.1145/3155016.3155018
676,https://doi.org/10.1145/3468264.3473130
677,https://doi.org/10.1145/3492323.3495577
678,https://doi.org/10.1145/3327960.3332395
679,https://doi.org/10.1145/3007748.3018280
680,https://doi.org/10.1145/3448016.3452789
681,https://doi.org/10.1145/3326365.3326410
682,https://doi.org/10.1145/3183367
683,https://doi.org/10.1145/3485730.3493374
684,https://doi.org/10.14778/3229863.3229877
685,https://doi.org/10.1145/3448016.3452807
686,https://doi.org/10.1145/3361821.3361838
687,https://doi.org/10.1145/3087801.3087873
688,https://doi.org/10.1145/3549527
689,https://doi.org/10.1145/3447548.3470800
690,https://doi.org/10.1145/3194113.3194114
691,https://doi.org/10.1145/3318041.3355463
692,https://doi.org/10.1145/3376044.3376053
693,https://doi.org/10.1145/3320154.3320164
694,https://doi.org/10.1145/3559795.3559803
695,https://doi.org/10.1145/3384943.3409431
696,https://doi.org/10.1145/3459104.3459153
697,https://doi.org/10.1145/3290607.3312896
698,https://doi.org/10.1145/3559795.3559796
699,https://doi.org/10.1145/3299869.3319883
700,https://doi.org/10.1145/3120459.3120472
701,https://doi.org/10.1145/3131542.3131563
702,https://doi.org/10.1145/3318265.3318289
703,https://doi.org/10.1145/2976749.2978341
704,https://doi.org/10.1145/3433174.3433587
705,https://doi.org/10.1145/3390566.3391679
706,https://doi.org/10.1145/3406601.3406614
707,https://doi.org/10.1145/3446983.3446992
708,https://doi.org/10.1145/3282373.3282402
709,https://doi.org/10.1145/3210284.3219502
710,https://doi.org/10.1145/3510003.3510086
711,https://doi.org/10.1145/3494106.3528672
712,https://doi.org/10.1145/3338840.3355646
713,https://doi.org/10.1145/3184558.3191555
714,https://doi.org/10.1145/3299869.3320238
715,https://doi.org/10.1145/3419394.3423628
716,https://doi.org/10.1145/3211890.3211915
717,https://doi.org/10.1145/3532640.3532657
718,https://doi.org/10.1145/3482632.3482657
719,https://doi.org/10.1145/3409934.3409940
720,https://doi.org/10.1145/3395363.3404365
721,https://doi.org/10.1145/3341276
722,https://doi.org/10.1145/3494106.3528677
723,https://doi.org/10.1145/3349266.3351386
724,https://doi.org/10.1145/3340764.3340799
725,https://doi.org/10.1145/3384943.3409418
726,https://doi.org/10.1145/3459104.3459179
727,https://doi.org/10.1145/3433260
728,https://doi.org/10.1145/3285879
729,https://doi.org/10.1145/3337722.3341836
730,https://doi.org/10.1145/3287921.3287968
731,https://doi.org/10.1145/3205230.3205233
732,https://doi.org/10.1145/3007788.3007790
733,https://doi.org/10.1145/3208903.3208929
734,https://doi.org/10.1145/3247810
735,https://doi.org/10.1145/3178876.3186046
736,https://doi.org/10.1145/3285875
737,https://doi.org/10.1145/3494106.3528673
738,https://doi.org/10.1145/3285875
739,https://doi.org/10.1145/3417312.3431828
740,https://doi.org/10.1145/3407947.3407959
741,https://doi.org/10.1145/3503181.3503192
742,https://doi.org/10.1145/3384943.3409439
743,https://doi.org/10.1145/3299869.3300083
744,https://doi.org/10.1145/3382734.3405704
745,https://doi.org/10.1145/3320269.3384752
746,https://doi.org/10.1145/3419614.3423264
747,https://doi.org/10.1145/3308897.3308956
748,https://doi.org/10.1145/3362744.3363342
749,https://doi.org/10.1145/3184558.3186938
750,https://doi.org/10.1145/3399871.3399892
751,https://doi.org/10.1145/3309074.3309104
752,https://doi.org/10.1145/3284014.3284020
753,https://doi.org/10.1145/3152141.3152392
754,https://doi.org/10.1145/3444370.3444623
755,https://doi.org/10.1145/3419804.3421454
756,https://doi.org/10.1145/3205230.3205237
757,https://doi.org/10.1145/3477314.3506993
758,https://doi.org/10.1145/3477090.3481053
759,https://doi.org/10.1145/3469213.3470338
760,https://doi.org/10.1145/3205230.3205235
761,https://doi.org/10.1145/3299815.3314433
762,https://doi.org/10.1145/3329363
763,https://doi.org/10.1145/3286978.3287019
764,https://doi.org/10.1145/3417516
765,https://doi.org/10.1145/3458817.3476155
766,https://doi.org/10.1145/3408066.3408106
767,https://doi.org/10.1145/3386164.3389095
768,https://doi.org/10.1145/3415151
769,https://doi.org/10.1145/3422337.3447845
770,https://doi.org/10.1145/3302505.3310086
771,https://doi.org/10.1145/3170358.3170365
772,https://doi.org/10.1145/3274895.3274986
773,https://doi.org/10.1145/3361149.3361166
774,https://doi.org/10.1145/3448016.3459237
775,https://doi.org/10.1145/3147234.3148088
776,https://doi.org/10.1145/3418686
777,https://doi.org/10.1145/3486622.3493937
778,https://doi.org/10.1145/3133956.3138828
779,https://doi.org/10.1145/3232755.3232785
780,https://doi.org/10.1145/3482632.3484040
781,https://doi.org/10.1145/3207677.3277939
782,https://doi.org/10.1145/3319535.3363256
783,https://doi.org/10.1145/3520084.3520100
784,https://doi.org/10.1145/3453475
785,https://doi.org/10.1145/3477495.3531735
786,https://doi.org/10.1145/3407023.3409193
787,https://doi.org/10.1145/3447786.3456231
788,https://doi.org/10.1145/3338286.3344386
789,https://doi.org/10.1145/3338507.3358613
790,https://doi.org/10.1145/3555661.3560859
791,https://doi.org/10.1145/3325917.3325942
792,https://doi.org/10.1145/3312614.3312615
793,https://doi.org/10.1145/3331076.3331083
794,https://doi.org/10.1145/3563885
795,https://doi.org/10.1145/3210284.3219776
796,https://doi.org/10.1145/3328778.3367012
797,https://doi.org/10.1145/3559795.3559805
798,https://doi.org/10.1145/3377644.3377667
799,https://doi.org/10.1145/3377049.3377062
800,https://doi.org/10.1145/3495018.3501099
801,https://doi.org/10.1145/3326365.3326371
802,https://doi.org/10.1145/3384943.3409417
803,https://doi.org/10.1145/3211933.3211935
804,https://doi.org/10.1145/3383219.3383276
805,https://doi.org/10.1145/3464768
806,https://doi.org/10.1145/3384943.3409432
807,https://doi.org/10.1145/3211933.3211941
808,https://doi.org/10.1145/3477084.3484952
809,https://doi.org/10.1145/3477314.3506986
810,https://doi.org/10.1145/3460537.3460563
811,https://doi.org/10.1145/3211933.3211934
812,https://doi.org/10.1145/3383455.3422549
813,https://doi.org/10.1145/3410699.3413791
814,https://doi.org/10.1145/3369052
815,https://doi.org/10.1145/3517183
816,https://doi.org/10.1145/3446983.3446990
817,https://doi.org/10.1145/3196369.3196383
818,https://doi.org/10.1145/3462408
819,https://doi.org/10.1145/3535423
820,https://doi.org/10.1145/3176258.3176333
821,https://doi.org/10.1145/3410699.3411361
822,https://doi.org/10.1145/3243734.3243853
823,https://doi.org/10.1145/3532640.3532664
824,https://doi.org/10.1145/3448016.3457539
825,https://doi.org/10.1145/3376044.3376063
826,https://doi.org/10.1145/3028687.3043967
827,https://doi.org/10.1145/3211890.3211904
828,https://doi.org/10.1145/3532640.3532652
829,https://doi.org/10.1145/3460537.3460541
830,https://doi.org/10.1145/3532640.3532651
831,https://doi.org/10.1145/3427097
832,https://doi.org/10.1145/3423211.3425696
833,https://doi.org/10.1145/3429884.3430032
834,https://doi.org/10.1145/3299869.3314116
835,https://doi.org/10.1145/3428662.3428793
836,https://doi.org/10.1145/3324884.3415294
837,https://doi.org/10.1145/3087801.3087809
838,https://doi.org/10.1145/3485832.3485915
839,https://doi.org/10.1145/3477132.3483574
840,https://doi.org/10.1145/3376044.3376052
841,https://doi.org/10.1145/3404892
842,https://doi.org/10.1145/2899007.2899012
843,https://doi.org/10.1145/3446983.3446986
844,https://doi.org/10.1145/3379463
845,https://doi.org/10.1145/3410699.3413789
846,https://doi.org/10.1145/3211933.3211948
847,https://doi.org/10.1145/3423554
848,https://doi.org/10.1145/3343147.3343169
849,https://doi.org/10.1145/3400302.3415673
850,https://doi.org/10.1145/3319535.3363213
851,https://doi.org/10.1145/3410699.3413798
852,https://doi.org/10.1145/3041021.3053899
853,https://doi.org/10.1145/3479722.3480989
854,https://doi.org/10.1145/3377812.3382157
855,https://doi.org/10.1145/3491053
856,https://doi.org/10.1145/3243734.3243848
857,https://doi.org/10.1145/3414045.3415945
858,https://doi.org/10.1145/3212734.3212781
859,https://doi.org/10.1145/3139337.3139340
860,https://doi.org/10.1145/2976749.2989059
861,https://doi.org/10.1145/3341105.3373899
862,https://doi.org/10.1145/3366627.3368105
863,https://doi.org/10.1145/3390566.3391676
864,https://doi.org/10.1145/3361525.3361540
865,https://doi.org/10.1145/2976749.2978389
866,https://doi.org/10.1145/3510487.3510510
867,https://doi.org/10.1145/3196709.3196778
868,https://doi.org/10.1145/3477314.3507003
869,https://doi.org/10.1145/3559795.3559811
870,https://doi.org/10.1145/3362744.3363344
871,https://doi.org/10.1145/3559795.3559812
872,https://doi.org/10.1145/3559795.3559799
873,https://doi.org/10.14778/3342263.3342275
874,https://doi.org/10.1145/3510487.3510512
875,https://doi.org/10.1145/3529113.3529134
876,https://doi.org/10.1145/3384943.3409438
877,https://doi.org/10.1145/3194113.3194115
878,https://doi.org/10.1145/3419111.3421272
879,https://doi.org/10.1145/3510487.3510511
880,https://doi.org/10.1145/3327960.3332379
881,https://doi.org/10.1145/3549910
882,https://doi.org/10.1145/3205230.3205234
883,https://doi.org/10.1145/3477084.3484949
884,https://doi.org/10.1145/3391195
885,https://doi.org/10.1145/3472716.3472866
886,https://doi.org/10.1145/3341302.3342082
887,https://doi.org/10.1145/3366424.3382708
888,https://doi.org/10.1145/3437378.3437879
889,https://doi.org/10.1145/3209281.3209336
890,https://doi.org/10.1145/3278312.3278321
891,https://doi.org/10.1145/3299869.3320237
892,https://doi.org/10.1145/3293611.3331570
893,https://doi.org/10.1145/3341301.3359627
894,https://doi.org/10.1145/3291064.3291073
895,https://doi.org/10.1145/3342559.3365333
896,https://doi.org/10.1145/3286978.3286979
897,https://doi.org/10.1145/3267809.3275475
898,https://doi.org/10.1145/3412841.3442076
899,https://doi.org/10.1145/3320154.3322131
900,https://doi.org/10.1145/3412841.3442076
901,https://doi.org/10.1145/3227696.3227723
902,https://doi.org/10.1145/3493426.3493823
903,https://doi.org/10.1145/3320154.3322132
904,https://doi.org/10.1145/3476436.3476445
905,https://doi.org/10.14778/3397230.3397246
906,https://doi.org/10.1145/3544538.3544653
907,https://doi.org/10.1145/3321408.3321607
908,https://doi.org/10.14778/3551793.3551816
909,https://doi.org/10.1145/3517745.3563024
910,https://doi.org/10.1145/3377170.3377225
911,https://doi.org/10.1145/3460120.3485362
912,https://doi.org/10.1145/3397166.3415278
913,https://doi.org/10.1145/3309171.3309177
914,https://doi.org/10.1145/3426474
915,https://doi.org/10.1145/3008167.3008170
916,https://doi.org/10.1145/3423166
917,https://doi.org/10.1145/3434581.3434685
918,https://doi.org/10.1145/3289166.3289169
919,https://doi.org/10.1145/3284764.3284769
920,https://doi.org/10.1145/3327960.3332383
921,https://doi.org/10.1145/3139903.3139906
922,https://doi.org/10.14778/3231751.3231762
923,https://doi.org/10.1145/3327959.3329537
924,https://doi.org/10.1145/3491003.3491006
925,https://doi.org/10.1145/3377644.3377668
926,https://doi.org/10.1145/3411170.3411247
927,https://doi.org/10.1145/3041021.3053898
928,https://doi.org/10.1145/3327960.3332383
929,https://doi.org/10.1145/3196478.3196480
930,https://doi.org/10.1145/3409934.3409944
931,https://doi.org/10.1145/3205230.3205239
932,https://doi.org/10.1145/3488466.3488474
933,https://doi.org/10.1145/3127502.3127516
934,https://doi.org/10.1145/3465480.3466924
935,https://doi.org/10.1145/3492866.3549731
936,https://doi.org/10.1145/3125433.3125462
937,https://doi.org/10.1145/3508072.3508100
938,https://doi.org/10.1145/3338507.3358622
939,https://doi.org/10.1145/3278532.3278539
940,https://doi.org/10.1145/3404709.3404743
941,https://doi.org/10.1145/3341105.3374070
942,https://doi.org/10.1145/3368089.3417939
943,https://doi.org/10.1145/3360611
944,https://doi.org/10.1145/3152824.3152825
945,https://doi.org/10.1145/3503047.3503089
946,https://doi.org/10.1145/3488663.3493687
947,https://doi.org/10.1145/3485832.3485913
948,https://doi.org/10.1145/3340037.3340066
949,https://doi.org/10.1145/3276486
950,https://doi.org/10.1145/3488932.3527280
951,https://doi.org/10.1145/3401025.3404097
952,https://doi.org/10.1145/3184558.3191556
953,https://doi.org/10.1145/3550355.3552407
954,https://doi.org/10.1145/3318041.3355471
955,https://doi.org/10.1145/3505284.3532815
956,https://doi.org/10.1145/3464298.3493403
957,https://doi.org/10.1145/3372177.3373338
958,https://doi.org/10.1145/3448016.3457558
959,https://doi.org/10.1145/3419483
960,https://doi.org/10.1145/3462203.3475880
961,https://doi.org/10.1145/3491202
962,https://doi.org/10.1145/3047273.3047275
963,https://doi.org/10.1145/3458744.3474040
964,https://doi.org/10.1145/3366423.3380215
965,https://doi.org/10.1145/3422648.3422664
966,https://doi.org/10.1145/3347146.3359072
967,https://doi.org/10.1145/3474085.3479238
968,https://doi.org/10.1145/3136560.3136594
969,https://doi.org/10.1145/3309074.3309105
970,https://doi.org/10.1145/3424978.3425014
971,https://doi.org/10.1145/3205230.3205240
972,https://doi.org/10.1145/3344948.3344953
973,https://doi.org/10.1145/3550197
974,https://doi.org/10.1145/3433210.3453089
975,https://doi.org/10.1145/3409929.3416794
976,https://doi.org/10.1145/3359989.3365411
977,https://doi.org/10.1145/3434581.3434689
978,https://doi.org/10.1145/3308897.3308954
979,https://doi.org/10.1145/3274895.3274914
980,https://doi.org/10.1145/3373017.3373063
981,https://doi.org/10.1145/3463274.3463348
982,https://doi.org/10.1145/3523181.3523184
983,https://doi.org/10.1145/3358695.3361753
984,https://doi.org/10.1145/2976749.2978309
985,https://doi.org/10.1145/3308558.3313593
986,https://doi.org/10.1145/3409934.3409936
987,https://doi.org/10.1145/3379464
988,https://doi.org/10.1145/3478431.3499300
989,https://doi.org/10.1145/3304109.3323833
990,https://doi.org/10.1145/3419614.3423265
991,https://doi.org/10.1145/3491258
992,https://doi.org/10.1145/3491258
993,https://doi.org/10.1145/3321408.3321574
994,https://doi.org/10.1145/3409934.3409947
995,https://doi.org/10.1145/3519270.3538430
996,https://doi.org/10.1145/3555661.3560874
997,https://doi.org/10.1145/3381036
998,https://doi.org/10.1145/3486622.3493914
999,https://doi.org/10.1145/3240117.3240136
1000,https://doi.org/10.1145/3010089.3016029
1001,https://doi.org/10.1145/3064857.3064862
1002,https://doi.org/10.1145/3479722.3480992
1003,https://doi.org/10.1145/3524458.3547230
1004,https://doi.org/10.1145/3465481.3469208
1005,https://doi.org/10.1145/3318041.3355459
1006,https://doi.org/10.1145/3332186.3332203
1007,https://doi.org/10.1145/3308558.3313574
1008,https://doi.org/10.1145/3422816
1009,https://doi.org/10.14778/3476311.3476313
1010,https://doi.org/10.1145/3267809.3275450
1011,https://doi.org/10.1145/3421764
1012,https://doi.org/10.1145/3319535.3355503
1013,https://doi.org/10.1145/3372938.3372962
1014,https://doi.org/10.1145/3419614.3423255
1015,https://doi.org/10.1145/3366624.3368156
1016,https://doi.org/10.1145/3327960.3332385
1017,https://doi.org/10.1145/3133956.3134010
1018,https://doi.org/10.1145/2933575.2934579
1019,https://doi.org/10.1145/3319535.3363203
1020,https://doi.org/10.1145/3285002.3285012
1021,https://doi.org/10.1145/3319535.3363222
1022,https://doi.org/10.1145/3488932.3524126
1023,https://doi.org/10.1145/3528669
1024,https://doi.org/10.1145/3318041.3355460
1025,https://doi.org/10.1145/3284014.3284018
1026,https://doi.org/10.1145/3410699.3413797
1027,https://doi.org/10.1145/3372297.3417262
1028,https://doi.org/10.1145/3555676
1029,https://doi.org/10.1145/3184558.3192306
1030,https://doi.org/10.1145/3384943.3409427
1031,https://doi.org/10.1145/3410699.3413790
1032,https://doi.org/10.1145/3477084.3484950
1033,https://doi.org/10.1145/3131542.3131562
1034,https://doi.org/10.1145/3561801.3561807
1035,https://doi.org/10.1145/3384942.3406868
1036,https://doi.org/10.1145/3327960.3332393
1037,https://doi.org/10.1145/3505263
1038,https://doi.org/10.1145/3538914
1039,https://doi.org/10.1145/3538912
1040,https://doi.org/10.1145/3538913
1041,https://doi.org/10.1145/3344284
1042,https://doi.org/10.1145/3340422.3343640
1043,https://doi.org/10.1145/3538915
1044,https://doi.org/10.1145/3344280
1045,https://doi.org/10.1145/3538916
1046,https://doi.org/10.1145/3487552.3487811
1047,https://doi.org/10.1145/3341105.3373901
1048,https://doi.org/10.1145/3281411.3281415
1049,https://doi.org/10.1145/3419635.3419680
1050,https://doi.org/10.1145/3360774.3360794
1051,https://doi.org/10.1145/3508072.3508225
1052,https://doi.org/10.1145/3341301.3359636
1053,https://doi.org/10.1145/3339252.3339279
1054,https://doi.org/10.1145/3487552.3487814
1055,https://doi.org/10.1145/3338466.3358925
1056,https://doi.org/10.1145/3461778.3462071
1057,https://doi.org/10.1145/3230833.3232824
1058,https://doi.org/10.1145/3466826.3466832
1059,https://doi.org/10.1145/3373722.3373784
1060,https://doi.org/10.1145/3317614.3317629
1061,https://doi.org/10.1145/3366611.3368144
1062,https://doi.org/10.1145/3422337.3447832
1063,https://doi.org/10.1145/3488663.3493689
1064,https://doi.org/10.1145/3568314
1065,https://doi.org/10.1145/3318041.3355458
1066,https://doi.org/10.1145/3317614.3317629
1067,https://doi.org/10.1145/3487553.3524201
1068,https://doi.org/10.1145/3487553.3524882
1069,https://doi.org/10.1145/3444370.3444594
1070,https://doi.org/10.1145/3477314.3507056
1071,https://doi.org/10.1145/3219166.3277546
1072,https://doi.org/10.1145/3450614.3464470
1073,https://doi.org/10.1145/3210240.3226062
1074,https://doi.org/10.1145/3477084.3484953
1075,https://doi.org/10.1145/3144730.3144733
1076,https://doi.org/10.1145/3374136
1077,https://doi.org/10.1145/3419614.3423258
1078,https://doi.org/10.1145/3477132.3483564
1079,https://doi.org/10.1145/3305160.3305161
1080,https://doi.org/10.1145/3243157.3243165
1081,https://doi.org/10.1145/3323679.3326533
1082,https://doi.org/10.1145/3567593
1083,https://doi.org/10.1145/3427228.3427249
1084,https://doi.org/10.1145/3331076.3331108
1085,https://doi.org/10.1145/3308558.3313454
1086,https://doi.org/10.1145/3538393.3544932
1087,https://doi.org/10.1145/3508072.3508199
1088,https://doi.org/10.1145/3326285.3329076
1089,https://doi.org/10.1145/3209280.3229120
1090,https://doi.org/10.1145/3447568.3448537
1091,https://doi.org/10.1145/3369740.3373803
1092,https://doi.org/10.1145/3356464.3358747
1093,https://doi.org/10.1145/3429629
1094,https://doi.org/10.1145/3319535.3354203
1095,https://doi.org/10.1145/3401025.3401737
1096,https://doi.org/10.1145/3489048.3522636
1097,https://doi.org/10.1145/3403711
1098,https://doi.org/10.1145/3533271.3561793
1099,https://doi.org/10.1145/3299819.3299830
1100,https://doi.org/10.1145/3527049.3527072
1101,https://doi.org/10.1145/3308560.3317077
1102,https://doi.org/10.1145/3080546.3080550
1103,https://doi.org/10.1145/3428277
1104,https://doi.org/10.1145/3533271.3561775
1105,https://doi.org/10.1145/3372297.3423367
1106,https://doi.org/10.1145/3485875
1107,https://doi.org/10.1145/3361525.3361536
1108,https://doi.org/10.1145/3214701.3214704
1109,https://doi.org/10.1145/3184558.3191554
1110,https://doi.org/10.1145/3398071
1111,https://doi.org/10.1145/3558779
1112,https://doi.org/10.1145/3510003.3510077
1113,https://doi.org/10.1145/3343147.3343154
1114,https://doi.org/10.1145/3452446.3452542
1115,https://doi.org/10.1145/3474944.3474957
1116,https://doi.org/10.1145/3372297.3423361
1117,https://doi.org/10.1145/3341105.3373957
1118,https://doi.org/10.1145/3488932.3524128
1119,https://doi.org/10.1145/3170427.3188610
1120,https://doi.org/10.1145/3338498.3358639
1121,https://doi.org/10.1145/3190508.3190538
1122,https://doi.org/10.1145/3485730.3485945
1123,https://doi.org/10.14778/3137765.3137830
1124,https://doi.org/10.1145/3453953.3453966
1125,https://doi.org/10.1145/3419614.3423263
1126,https://doi.org/10.1145/3460120.3484801
1127,https://doi.org/10.1145/3501810
1128,https://doi.org/10.1145/3376897.3379161
1129,https://doi.org/10.1145/3419614.3423256
1130,https://doi.org/10.1145/3041021.3053895
1131,https://doi.org/10.1145/3423211.3425669
1132,https://doi.org/10.1145/3531327
1133,https://doi.org/10.1145/3488245
1134,https://doi.org/10.14778/3342263.3342636
1135,https://doi.org/10.1145/3564532
1136,https://doi.org/10.1145/3445790
1137,https://doi.org/10.1145/3329007.3329009
1138,https://doi.org/10.1145/3308560.3317076
1139,https://doi.org/10.1145/3284764.3284765
1140,https://doi.org/10.1145/3542954.3543006
1141,https://doi.org/10.1145/3293882.3338999
1142,https://doi.org/10.1145/3311350.3347178
1143,https://doi.org/10.1145/3377713.3377742
1144,https://doi.org/10.1145/3151759.3151801
1145,https://doi.org/10.1145/3288599.3299723
1146,https://doi.org/10.1145/3479722.3480994
1147,https://doi.org/10.14778/3415478.3415540
1148,https://doi.org/10.1145/3460120.3484561
1149,https://doi.org/10.1145/3506800
1150,https://doi.org/10.1145/3284764.3284768
1151,https://doi.org/10.1145/3485188
1152,https://doi.org/10.1145/3523181.3523191
1153,https://doi.org/10.1145/3320269.3384756
1154,https://doi.org/10.1145/3508072.3508226
1155,https://doi.org/10.1145/3523181.3523193
1156,https://doi.org/10.1145/3152434.3152449
1157,https://doi.org/10.1145/3472634.3474064
1158,https://doi.org/10.1145/3410220.3460105
1159,https://doi.org/10.1145/3426746.3434052
1160,https://doi.org/10.1145/3274694.3274750
1161,https://doi.org/10.1145/3560263
1162,https://doi.org/10.1145/3372297.3417250
1163,https://doi.org/10.1145/3318041.3355464
1164,https://doi.org/10.1145/3462223.3485619
1165,https://doi.org/10.1145/3460093
1166,https://doi.org/10.1145/3419614.3423248
1167,https://doi.org/10.1145/3324884.3418923
1168,https://doi.org/10.1145/3278532.3278542
1169,https://doi.org/10.1145/3488932.3523259
1170,https://doi.org/10.1145/3491102.3517585
1171,https://doi.org/10.1145/3395363.3404366
1172,https://doi.org/10.1145/3437359.3465587
1173,https://doi.org/10.1145/3465481.3465765
1174,https://doi.org/10.14778/3229863.3236266
1175,https://doi.org/10.1145/3423211.3425678
